Sales RUB;июл.17;авг.17;сен.17;окт.17;ноя.17;дек.17
UZOEW1886X;564810,15;2531,64;148405,81;413257,73;435465,22;128704,27
DPORM4776E;294038,6;342598,66;197697;253061,25;53293,5;11651,25
XAFJT6358C;167312,28;63861,81;50245,59;172336,68;254963,7;207108,34
QCTQF5950P;207964,06;111784,4;79124,5;131131,83;211381,23;184343,24
NAMOI4794J;159621,25;140369,75;87421,2;123414,58;159649,1;233421,27
POQIF1061Y;369725,75;0;136450,2;287786,38;346564,73;16135,25
LBYRK3210F;81189,68;62422,58;74592,76;93592,51;54062,69;142221,53
NGQUS1037E;169890,88;105157,14;159345,89;156350,73;164176,43;256774,93
WROWK7800P;8006,25;4837,5;81150;52950;0;0
DBLZM3983G;127200;69600;28800;60000;93600;19200
GJPAU9999K;2287,5;0;0;0;0;0
RSBFE6732F;2550;4575;4575;2287,5;8212,5;9150
WWYOP5254B;53044;30402,4;81452,8;65290,4;64934,4;237736,8
SOTBF2468E;52506;34308;7776;0;0;0
GIIEM6451B;628962,27;1452582,44;1558056,25;970195,84;1799130,87;1792915,89
KEEFA2365D;103667;75613;73953;0;172151,75;137365
XDPQQ4206D;150500;0;0;0;0;0
CZXWI6254B;42109,5;0;28282,5;55098,5;66202;117320
BOHWZ3761X;31137,2;26992;0;0;98617,2;12628,4
AKVXP8024D;242490;201249;323733;287035;407041;632303
TECOR4956T;38968,3;63741,9;45591,3;51158,2;53198,8;23681,7
EXNQO8141R;130529,6;36781,6;67546,4;131155,2;158092,8;48341,56
FUVIQ2852X;-1284,82;0;0;0;0;0
BJRCP5992Y;24608,38;48308,11;46116,66;52530,66;27879,52;34154,55
TZFPI5314M;11543,16;19391,43;9574,35;18645,26;24758,46;2211,54
NFNDW9766R;22567,3;0;0;0;0;47169,1
RNTTL5672R;44803,2;0;0;0;0;0
SUBTG4465W;39130;91504;35346;37324;12083;124485
TNAQZ6971G;5840,52;550,7;1396,14;6608,4;3304,2;26433,6
TRVBJ7183U;5463,48;0;718,34;2155,02;0;0
OOZJX4610S;4648,44;0;0;3667,08;0;0
VKCUW6005W;6422,01;4238,71;605,53;3633,18;0;0
BAHLV7542W;145050,16;127022,32;156322,75;366099,84;159794,38;815792,65
BICVK0143J;62354,29;42918,82;120546,95;262010,58;101411,52;569591,25
CHQAJ8517T;48705,92;20866,21;9537,27;27997,98;12951,6;108634,64
BDDKJ2718S;60316,11;39541,94;44801,61;30581,64;46214,04;163979,35
DVNEP6353I;5189,82;5189,82;5189,82;2047,11;0;54081,44
XONYC6808M;3108;13675,2;28800,8;5615,12;1554;0
JFFIH8554T;49245,6;21148;26282;39528,4;47355,2;0
BVWZQ4527T;24282,8;18774,8;28580,4;28233,6;42629,2;14980,4
HGUQJ6495G;5535,2;11063,6;15565,2;24514;24922;36599,38
ZSJXP1778J;19352,8;50857,2;29852;0;0;0
UJVMB1308P;21311,2;4202,4;5168;11913,6;46607,2;28879,6
IDWKQ3297Q;8040;0;0;0;0;3065,25
OXUZG7056Y;44689;56966,75;31774,75;75174;98138,25;115407,5
VEXHS1870O;30192;-2221,05;0;0;0;0
CTUSI1318L;32186,96;48987,74;69483,63;46381,75;50359,56;112371,45
NDSLQ9632I;335200,51;222680,37;1342;0;0;0
XPLAZ8338C;5130,2;0;0;0;0;0
WIYIA2166C;362564,16;683032,64;414958,65;421708,02;523377,31;102719,88
UVRPM1621K;237567,97;450098,61;305063,93;491257,64;602038,47;811474,35
TLBZD2653B;78014,8;110793,08;190581,51;90417,78;161504,88;197066,56
BYGLD8210V;19150,34;51514,7;21833,1;9503,82;121437,7;111706,65
OUWIT5106U;124286,4;105134,4;126982,8;169812,72;355047,84;0
JQSKQ1819K;1536,5;0;0;0;0;0
TLZZI4052R;57618,75;0;80315,05;186904,25;214802,7;225294,8
JRXHE3353O;491,39;491,39;0;1474,17;3439,73;0
WYIHB4110I;429,93;0;484,28;0;0;0
XZLOV1101Q;3080,04;581,96;632,94;632,94;4430,58;0
OSYIN6475K;37236,2;22322,6;95098,1;68879,8;254535;46724,5
MXTFM5644K;48766,9;31125,9;66049,1;35640,8;30677,4;78936
RWOIF7238E;38751,7;59133,1;64662,95;38768,6;95248,4;103850,5
NWYTV0482G;221505,9;382374,06;140197,2;0;219957,9;153948,6
KSSWI3940M;106154,1;123285,3;119534,75;118654,2;141009,9;189062,4
EDCEW7044F;229511,64;152852,1;67621,8;104206,2;178407;97988,4
MUOIM0549A;7267;0;0;0;0;0
RWGSP7881A;17032,8;19479;5571,9;19418,6;36768,5;72842,4
EGHJX4411Q;3753,4;0;0;1876,7;0;0
UVNGZ6076E;757,72;1553,2;0;0;0;0
YASEG5100R;104519;102410;99179;58548;1425;144818
UUMGL0247O;963,8;2133;0;0;0;0
KPUWF5783U;267051,6;221350,1;101507,1;232275,8;213568,6;214175,7
CYORY8650R;147548,3;173602,5;24253;113420,3;134473,8;38559,9
PPVBU1203Q;10538,6;17482,7;9559;18991,6;14054,1;15412,9
TDAOU6397Z;167746,89;190680,63;147774,86;22394,79;0;2085,92
HTQKB6697Z;1628,1;0;0;0;0;0
WABDG2809X;573951,94;354891,31;509758,39;268427,32;357798,5;547135,23
MRUEM9028J;77702,4;135999,2;271702,21;318769,68;269301,24;619500,38
FNOKE8380A;21094,5;78890;38367;36431,5;42605,5;21364
AONBK9840Q;1494,5;3675;0;0;0;0
AIAZI4473Q;100797,35;115372,7;74696,1;389020,85;16084,4;71023,01
XWHKF9965T;130571,54;126144,99;120514,04;388080,11;88986,74;113779,74
TKRZP9431G;12045,95;61341;6223;0;43561;0
UIRSD5858L;15862,5;0;0;0;0;0
QQQYQ3086C;12315,8;12768;29020,6;69931,4;58307,2;56844,2
MALXA1409D;33416,5;135415;278409;208369,5;147075;33310,5
HSPZO6268Y;129725;101850;0;22750;285650;314775
NNJLS6904A;101082,06;93782,34;82754,96;268163,28;144079,02;304827,72
PXSVI8581K;106678,62;125181,45;66527,88;154839,24;174981,06;294147,54
GCSXA0189C;-4233;4098,1;-423,3;0;0;0
UGMIQ8340K;128295,45;89927,7;52121,85;49041,66;13258,2;0
WMCBY7316E;54074,74;62103,25;67939,5;53940,59;50217,99;72902,43
HNBYV9602Z;-541,9;936;-4033,8;2121,6;312;0
REDCZ8656F;89831;125767,5;112196,5;140739,04;323544,5;157041
XTKEP6280F;32473,4;189159;98855;66867,8;161602;74120
CEPRU9192C;136800;86400;45600;57600;91200;21600
JBDXR1266U;117154;179987;179754,86;190444,43;390763,17;391111,72
XZOBE6361B;113171,8;123514,7;107400,25;233082,4;300911,35;333743,85
OBCVI7265A;250494;322230,9;69371,4;20791,5;81373,2;172974,3
PXUKD4937E;117131,52;141656,64;96061,44;102008,64;54600,96;267907,2
UXIML0754U;78352,6;6209,5;0;0;0;0
JAMIQ3616W;88295,36;75503,65;82905,14;72654,06;154256,48;240730,73
DRDGH6817X;28090;14840;0;0;0;41620
ZYURY8511D;18348;28556;8228;5368;0;0
FJIXG2224O;2688;5952;0;0;0;0
NVCGG5770E;31046,4;71328;7353,6;10540,8;0;0
ACQIR4088A;12610,8;8872,2;18665,1;3403,8;16214;108900
DYPTG4479D;72468;36234;0;0;0;0
UAEEM9752V;55006,76;20252;63775,5;38979;51240;60847,5
NJBCV8164J;342089,2;34617,6;1967914,4;576575,36;109622,4;0
JQVMF4844J;146605;0;193148;118810;189660;0
HGWRT0854F;237951,6;211641;222808,2;204882,4;241777,4;394546,2
RXUAW5727R;35658;27576;12636;34912,8;22258,8;40122
RLGAR2741X;2563,28;0;0;0;0;0
CYALD7829Z;3371,22;1012,6;4038,06;4038,06;3365,05;0
TAGMR1005Y;24336;84784;16256;1088;0;0
SGFJV1160F;725,9;0;0;0;0;0
HJQJR3247E;175917,7;12911,5;4998;0;0;0
AOHJE6310X;99557;146624;67686;0;0;0
TUTDK7805V;13540,6;44808,8;0;0;0;0
NRWKZ1081A;26901;10461,5;50298,5;13450,5;0;0
FLSBD7610B;72750,54;59041,47;0;0;0;0
DTVCD8584C;79236,46;216138,2;60978,54;14189,07;504;0
PJYGH0748R;139200;60000;16800;50400;96000;2400
YNBSW1740L;1223,66;0;0;0;0;0
TNFGL6196Y;372895;454977;550466;590388,08;712579;978066,28
PGLSL3742U;1532,2;0;0;0;0;96980,04
RWBBH6311K;2800,26;0;0;7363,6;8836,32;80533,28
UPECP3215M;1894,4;0;0;0;0;0
KTHMS0697X;121719;44655;50843;67990;127868;147823
LPAXM8491O;149842;306064;124520;135413,9;147818;144210
OQKIC5873M;209300;98969;123266;159895,4;335369;355872,52
FNWHK6071J;44681;32435;10816;55913;0;0
KOPPW8098S;41336,36;49998;69381;0;0;0
KJCJJ1544Z;10920;0;0;0;0;0
JHCKH6189A;19305;0;0;19032;12870;0
DYESM6286I;1264873,08;574049,86;769723,21;1135352,56;1131466,57;2444564,34
JBUEH3584W;27940;0;0;0;0;0
RXRVC5351Q;1778;0;26314,4;137337,8;37592;0
GMZVR5022F;46581,9;43379,1;23895,4;17521,2;28966,5;43897,2
WOFYM1205P;252140,4;420325;454093,92;0;0;0
GYWFG5619V;32279;0;42588;227643;-61854;11661
IMGPQ9671B;38019;54379;34827;32477;9870;0
ADHDM4155G;199702,12;120616,8;139318,9;127819,3;262619,4;343186,2
TOZWG5908V;484255,5;131781,8;146638,5;217081,3;53580,4;0
MFHWN6079P;691,6;0;0;0;0;543,4
YJKSY3605T;3013,4;691,6;0;0;0;0
AVAIY0508R;7366;26680;22301;0;41349,8;46593,34
ZEQKZ0260U;36552;52447,5;31320;1836;66937,5;137632,88
BESYS0466Q;1849;0;0;0;0;0
WSXMH8974A;38700;32250;6450;0;0;0
AWYTG5887A;31036,8;42389,4;39777,88;25630,8;12868,4;1267,2
PUOGD6008E;816;30048;20432;16726,4;80524,8;8672
VFDDJ6215T;215433,34;187549,44;61610,44;63298,92;98321,42;206745,42
JRREN8634W;40341,6;7612,8;10795,2;56596,8;17409,6;85706,4
GQSFZ2277T;63531,8;55939,9;19083,28;43252,5;28625,65;115636,25
GUJAD7758G;92955,35;76167,85;33559,2;103632,2;54956,35;100765,24
TAFRJ5634B;100031,16;44400;54975;0;43950;70012,5
RZLTM8117F;103714,2;48607,2;135679,4;126887,4;200206,4;2198
XGPOK3258T;747,86;0;0;2243,58;747,86;2991,44
KEKLI8217I;243078,42;215691,42;284320,02;400075,74;292686,48;391183,02
ZKJQJ7664B;103377;3111;27302;85476;78387;73508
FJVML2744V;1755;0;0;0;0;0
EMLZD8615D;8585,85;5879,3;4739,7;32530,4;11292,4;23258,2
IQZDY4978B;61209,6;82124,8;0;186988,56;314732,56;48870,4
ZQSUK2624A;224756,3;330627;311905,45;505260,5;476398,65;630917,4
QMTPU8156F;86670;0;0;0;0;0
NYRMV0580R;386306,38;324782,64;228017;175092,66;256894,16;345000,1
KSDXG3996E;29928;0;156038;71750;0;51250
FVASR5283J;130235;0;0;0;0;0
MJZIZ7509I;138171;0;0;0;0;0
GCVUY4877W;5530;43371;192760;209824;205163;81370
XRCTU7489L;13453,2;6862,95;0;0;5908,5;0
LSQGV7991K;18245,1;6081,7;42571,9;18245,1;0;0
GCCDE8091I;106443,41;52203,87;52994,7;78401,25;66831,11;19407,15
JQXXD7080Z;39650,1;118448,4;63239,4;80519,1;150283,2;174165,8
ELMAI7546S;63946,1;74323,8;60664,8;35968,7;57418,62;65594,6
SARXE2003U;25303,2;2028;0;0;0;0
QNIGA6246W;248797,5;71701;54740;120872,5;90597,5;327652,5
FTLAH5997A;32438,4;3989,4;17363,7;1994,7;0;0
BQWAX4418Z;36565,3;5181;0;-3140;2355;0
GVVGH9558A;18086,4;4945,5;27810,1;57668,8;59386,6;42796
HVBCM3741B;5490;0;0;0;0;0
SQWCG1718H;162000;87318;169875;145558;77770;162555
FFPUX1034F;1586,7;10707,15;11439;1906,5;0;0
CHKKD8085E;50719,5;66183;124215;92020,5;47736;16380
BXMMN4771W;32686,02;46226,4;34552,38;27958,32;31042,14;36344,58
EIXUT7302G;652,7;0;0;0;0;0
GKCTY9312K;749;0;0;588,5;0;0
ZEALF0409C;10322,79;0;0;0;0;43432,26
SKMJH8241E;106896,7;145660,74;52371,2;119087,7;72027,1;46398,4
SUBOT1872Y;985,17;2039,84;0;0;0;0
GOHGS2749P;93582,12;92741,3;118296,5;151905,64;139660,92;165689,78
WVIZJ6413R;21705,6;20311,34;0;0;0;0
WJMYK5294A;27062,5;35862,5;52312,5;44087,5;37950;49850
AZVNU3930C;-408;0;0;0;0;0
DRPSY4481F;436492,68;414081,66;398039,81;330280,08;341471,55;396770,15
HOVZG9924G;232896,4;235717,2;193044,4;220990;255640,2;1485
ZDTZC9904P;204278,2;236289;227167,6;0;435433,58;210507,8
NINOW8503I;36390,9;76046,1;23232,95;4050,15;8604,05;0
TLHGW0860I;4992;0;0;0;0;0
XKKHZ9941V;32962,8;0;0;-5460;4758;0
MFVVH4160S;5224,05;0;0;0;0;0
PKWIN9593K;34629,9;47366,44;30349,8;25096,95;20583,39;10311,15
EXAVX6092K;15252,72;14493,7;7353,99;13455,09;27098,13;15058,17
TODIB7377E;4275;22905;13215;12198,07;5250;0
WVHGL7695Z;43544,83;74654,1;54483,54;135531;65039,52;151069,1
OIFUK7544L;12075,84;39790,81;24184,67;51223,24;38916,47;49161,18
PEQFV5436U;165000;125500;268750;143750;315598;157500
BVJQZ1144P;44705,5;15582;4711,7;41648,65;23558,5;2263,1
MMCLH9459B;3430;0;0;0;0;0
IPLWN1561C;176494,72;0;0;0;0;0
VPUXP2251H;350867,7;102497,4;166508,7;733733,64;1447040,7;1035870,69
XQTIA3102B;139405,02;333792;129732;163909,2;1041380,95;359520,7
PCJYJ7760A;666400;443776;206816;541776,36;1681425,34;1650456,1
WBMDO4194K;169267,35;132221,25;116456,37;240872,1;303154,95;239678,7
OSAHU8746N;210692,4;180255;228597,5;150517,5;146095;1185640,8
HMUGO6033K;332114,4;0;0;0;664228,8;0
YMKLA0651I;281622;0;0;0;704055;0
SVROW6600B;245946;79619,2;179015,04;331218,83;809652,8;626415,76
AFFRJ6298S;150012,96;0;0;0;0;0
KQZFN3511L;5295,02;20695,04;39813,7;0;0;0
AGXAT0760U;12559,16;20125,94;17636,87;0;0;0
JODMF4405C;36169,29;63266,32;58610,44;56407,04;76640;72520,6
PTHDN0038O;55311;42279,8;68825,5;18991,9;37912,2;89517,9
PPKGE4926D;17514;78967,35;7686;0;0;0
PLJLH6070K;20691;53317,65;59774;27648,5;0;0
WFKHK0266X;429876,72;0;0;65022;44874;-29884,2
SBBRR4756I;26167,12;26227,8;32424,3;36508,4;7209;-3251,1
ODAUY6958C;37011,6;23059,8;0;4968;0;0
OUKCL6234N;78750;46673,5;13167;25498;32505;-22367,95
RRHKU0004S;857,5;0;0;0;0;0
TCNBB3978R;48340,25;59296,79;30737,7;0;0;-1302,66
IRSVM5802F;31724,7;28315,14;0;0;0;0
DYQWX3660O;86421,21;246051,23;139632,3;0;0;-28293,6
WZHSM4237K;3047;19261;14806;11275;19789;26994
CZEXV0807N;15821,45;20485,6;22976,5;44137,9;16782,55;15606,5
YQLLH1480H;14393,05;20894,85;30809,8;14053,8;5900;0
ZAFNU1851H;38118,6;43205,85;24508,7;22052,3;4722,95;0
MFOXG5954N;566,4;0;0;442,5;619,5;0
DFGBZ4263K;2830,05;0;0;0;0;0
QIAPB4422D;11542,5;0;0;0;0;0
MVECY5031I;105975,6;88125;154747,78;12628,03;0;0
PMGLW9027D;5429,04;1697,25;0;0;0;550,6
RYNUR3746Q;59964,24;84949,41;26583,05;353682,22;5673;10657,8
LFZWV4299O;395,45;2631,54;0;0;0;0
OTMDJ9990P;108884,82;83301,96;34795,98;169318,5;44667,18;0
DAKSG2183H;5300,96;23303,56;18580,36;31827,04;19966,52;34964,44
SSPHW1679P;13828,5;20988,54;51311,34;58840,02;0;0
HRGJP0818E;18377,6;38492,85;31465,03;2032,76;0;0
DDJNG1257X;14273,53;25459,52;29218,52;48918,87;0;0
YEZWN6767D;14642,82;26338,08;71755,92;79305,9;50567,49;57104,91
PTNYH8489Y;175291,08;148688,8;161605,4;218103,2;182449,44;220114,64
SROHV3703B;2196;104652;39204;27846;70560;42318
HVMNF1380C;96165,5;39421,5;116501,5;211818,3;729921,22;332395
QBDIJ3750V;57382,5;70045,5;72355,5;56954,2;735;0
YSQOW0506I;11152;95899;23759,5;0;0;0
XQIWK6874G;283205,4;262737;278306,6;5564,8;228245,6;223013,8
SIGWN8266K;3410;3520;0;-2750;1925;0
NDBVG3871D;133515,69;99294,28;40438,75;50723,75;57928,75;60060
DLMNK7105M;341640;481730;203732;201346,59;872087,05;1376765,76
WQDRC8400R;229801;4316;0;0;0;0
MWTHA7292L;127322;291564;110604;148616;211952;179920
MDHXY3151B;3919,42;3103,35;0;0;816,07;0
NKLNK2459D;1030,9;15395,9;16629,6;0;0;10765,3
SGTNA2209Y;44134,2;31660,2;0;0;0;0
NGEZK7998O;9131;9821;5278,5;18183,91;9223;6210
FKFDR0712W;156180;118313;97489;67396,99;119301;52289,12
YSGPM4265Q;99328;30295,04;0;-4345,6;0;0
VOKJG6462P;25005,64;0;0;0;83641,8;162518,4
VJVXX9887V;3461,2;40363,7;6209,8;0;139587;116331
MCEUI4487X;40622,04;79447,46;32891,92;35916,1;46743,88;15862,31
UIJVE4817K;5447,4;28144,9;0;0;0;0
FEBDM1083B;6160,75;7263,2;13501,77;8051,74;0;0
GNXJO5814O;2146;1354,2;0;0;0;0
JQVBM5503V;10419,2;32478,6;34592,6;29875,75;23102,8;17871
ELPTU6952V;97936,6;46895,9;82503,5;51841,4;0;80164,2
KOHQT0296P;153600;84000;48000;64800;103200;21600
HITSC0875H;-3479;5533,8;0;0;0;0
EUIVQ4138E;111230,32;81516,32;104033,43;76072,97;101723,44;127119,98
RWHKL1629Q;6161;18483;0;0;17170;0
QORVT5115S;164882,5;282042,5;156743,91;112413;376528;500303,5
AYNFQ7714G;137288,5;39385,6;132546,3;45639,15;36471,5;0
HRFTQ2551F;8959,5;13032;0;0;0;0
OCPPS7043Q;117885,3;45811,1;131804,2;70861,5;45820,15;176809,85
MZTRO4489H;63074,83;90440,96;275763,51;97683,82;36723,59;0
HMNNX9366N;72114,98;93366,84;90030,58;85935,96;71651,95;126227,97
YFGRC0505Q;1932;0;0;0;0;0
FLQKV7538O;992;0;0;0;0;0
DAUSB7758I;36416,8;0;0;0;0;0
TKXCY8461A;2198,46;0;578,11;0;0;0
GJIUU6397J;3681,3;1577,7;0;0;0;0
OXEVT9322W;2451,33;2386,55;0;0;0;0
DKJPJ4888M;2394,69;2476,08;825,36;1238,04;0;0
CBVVW3399O;1628,43;0;5266,62;2141,1;2141,1;400,81
KKTNX4425L;66874,6;121814,3;51833,6;69542,82;0;0
GIXBO2684X;80847,6;70941,9;49243,7;48186,47;15503,8;0
HXVJA4205Q;15518,7;18640,5;19014,6;48181,5;64227,32;53986,5
OXXMS6537J;13081,5;146059,2;40702,5;46278;52200,78;69430,5
VOWEU9978L;16808,7;18060;40609,2;41553,61;57830,7;0
DGRFB2523N;21600,3;56452,7;47312,4;37582,92;75173,85;104717,4
RTACA6397V;56113,4;66174;72744,59;138050,8;108998,8;111877,1
SHTJX3143P;25778,85;20381;20532,3;50801,29;63390,25;55055,4
UJVUC8752G;169789,5;4455;0;2970;0;0
RCNOM4081C;1246;623;1780;0;0;0
MZHQK2061F;50080,3;44135,1;39062,1;0;0;0
LZAIA0071C;9882;0;6075;0;0;0
FMLAK3720L;25474,5;25029;41659,51;38758,5;63747;99346,5
BQLZB5851J;28870,2;52701,66;22071,9;54218,7;34314;55057,2
TTAAU2208G;0;67906,8;107083,8;25073,28;0;0
VYPJW5340P;0;1192,08;0;0;0;1192,08
YBRLG8156Y;0;9018;54900;55710;93546;57870
CKDNO6873W;0;1612,41;0;0;0;0
CICCR4269E;0;193224,97;424381,22;486903,69;369485,02;573896,12
GAKUZ5558V;0;1566;0;0;0;0
CYUDV2918Z;0;185407,6;0;0;108250,4;0
ERTHN7957W;0;187466,76;65574,99;17029,35;207614,16;280129,09
TILHC8987S;0;412,68;0;2337,05;1402,23;13205,76
NOVPX1690G;0;73112;63206;92196;62166;79690
JLSQF8594B;0;72806,4;38822,4;48528;52675,2;45158,4
PLRGN4188P;0;-250,14;0;0;0;0
AIFBD5912W;0;306585,6;0;0;1305,6;12172,8
YEKRP6173J;0;362112;114643,2;184343,04;310881,84;458764
UMYNI4884W;0;462890,7;175937,29;242727,3;331357,5;310470,6
XJOWF9099M;0;204624;35952;22848;271488;116760
DWJDG0329L;0;176219,2;-5583,22;0;483460,3;42592,4
HFCVQ7482O;0;140255,5;5236;-7045,5;184261;171946,05
YZGOW9865M;0;2877;0;0;122806,8;81172,5
IGMSJ5764Y;0;6847,1;0;0;0;209596,09
HSUXH3248R;0;7431,76;0;0;0;179621
TEPZH7782S;0;6543,37;0;0;0;396631,68
SLIID4646V;0;4598,81;0;0;0;245329,69
OAYHO4529H;0;8357,42;0;0;0;100788,18
TZHHH3234J;0;2614,97;0;0;0;189199,86
YIKIH8884U;0;2577,89;0;0;0;62314,53
MGMYF4081N;0;2553,2;0;0;0;61737,46
YVLDJ9106B;0;2528,53;0;0;0;61123,59
XADOQ9184O;0;18013,45;71278,83;88134,83;104511,05;185347,15
UJKFM1171I;0;19333,6;80822,88;52685,36;68307,2;102503,96
ULVSZ4468K;0;84311,4;69485,23;158513,4;255423,54;649372,25
WSNPE6141Z;0;8198,4;27763,2;133632;126890,4;75163,2
HZBWS7932T;0;6956,9;0;2906,65;0;0
LKGGJ9555A;0;9672,95;8719,95;20727,75;35832,8;41121,95
IKNBM7216Z;0;1869,3;1701,9;0;0;0
KKAJC0186V;0;2120,44;4240,88;4240,88;0;0
XGXDH1702R;0;9729,5;83367,75;181725,6;363370;558912,38
FFHGA9401J;0;21345,8;11360,2;27650;90312,8;41048,4
UYKXY3254J;0;91067,94;43973,58;0;69659,1;87466,96
OVKUK0379H;0;130376,93;0;0;67225,08;86859,46
FFFQW7257P;0;1161,8;0;2323,6;0;275624,97
JEVCC0854K;0;105152;26982,4;13888;251571,2;101580,8
EIWGO2603H;0;13888;0;0;389019,6;158124,8
AYZWS3617W;0;30450;0;58145;120785;128615
JLJRU0647Y;0;10150;0;0;0;0
IBBRV1659P;0;142538;92752;184822;271436;172546
ZAWVA4147E;0;98685;24123;0;0;95761
DILKW2658Z;0;25585;0;0;88451;0
HVXKX9956F;0;367,25;0;367,25;734,52;6825,5
OJRBA0646J;0;8601;0;0;0;0
AFYYR6011S;0;8845;0;3190;0;0
KWGIZ9395K;0;1755;945;0;1093,5;0
PYLRT3465V;0;177284;0;0;0;0
HJWGF8811S;0;191016;51010,5;0;0;0
CMYBX0412W;0;1037;3315;0;0;0
GAXUP6391I;0;115684,5;9235,5;4300,5;0;0
WDHRN7350T;0;166281;34151,03;131107;55513;23306
OLKTR3866B;0;6213,39;0;9941,4;1242,67;6213,39
VHTKW9117S;0;468990,14;121481,37;1966,08;0;0
QLQSQ8825S;0;233756,1;68113,26;14678;4833;0
VETEQ8172Z;0;165264;0;0;0;0
CNDLJ6056C;0;8221,2;0;0;6145,75;0
JLFTE8258P;0;612268,25;208852;134338,25;691127,5;1010413,25
STABL9484I;0;440,92;3968,28;881,84;0;0
SVQGS4362M;0;-2682,88;0;0;0;0
TODCN7788P;0;35794,8;78140,66;133988,46;55485,2;108069
VYYZK6032S;0;26102,7;35645,4;41400;40033,8;149805,9
ZHDJE8964Y;0;154546,82;235771,4;44254,32;32112,4;-46550,64
TYRZC8291U;0;100;191449,86;111687,33;329274,92;288051,51
YTITF1894Z;0;50361,6;21589,4;33366,28;36636;154538,16
PUWME7772S;0;224039;159500,25;94494,6;157550,85;308278,8
MIRZU2482P;0;94978;12810;38430;65940;153720
VRCQP6271G;0;10985;77165;14030;28060;49105
MKUHL2308V;0;511971,4;136877,6;-8014,3;460151,8;462343,4
YCLJG8258B;0;242819,4;39740,9;0;197458,8;184846,2
NEAUH0599M;0;175917,6;85605,6;37057,6;93663,52;72504
CDOWU0661Z;0;329335,5;0;4011;173332,5;161815,2
BMADN3771T;0;95433,5;28752,5;0;121334;62961
XMBEU2334Q;0;103757;18786;0;73733,5;98549
WKKUW1078Z;0;623;0;0;0;0
IZDHV5209B;0;0;4415,95;0;0;0
PYDQZ2662B;0;0;9583,08;9583,08;0;0
SLWFZ7027E;0;0;7612,8;0;0;0
BUTJD9349O;0;0;2119,41;2007,45;46244,19;6605,33
TJKPI6329D;0;0;52612,5;0;0;0
FLRTU7372Y;0;0;2774,4;0;952;34516,8
AJGBB0913P;0;0;2121,34;5009,13;0;8310,69
UHHMX9753H;0;0;2215,96;6992,56;0;465490,83
XFPCJ8924M;0;0;3131,42;7411,02;0;192573,22
BQITK2020V;0;0;-712;592,5;0;45,17
PYEYQ1658C;0;0;-1068;0;0;592,5
PQKBK8427T;0;0;4595,11;0;0;104816,37
KGQWW7057L;0;0;4001,98;0;0;90599,77
BBDAL5574L;0;0;3630,32;0;0;82189,76
WAPIL1106C;0;0;3630,32;0;0;82569,52
KDSCV0064J;0;0;3567,79;0;0;175136,43
CDTST7352L;0;0;3608,86;0;0;81604,88
HZWEW2956P;0;0;2626,01;0;0;59447,21
FGVZT1231I;0;0;2626,01;0;0;59767,77
XFYOU4969X;0;0;6280,24;0;0;142151,87
ZKPZF1121L;0;0;3737,67;0;0;0
DKQAL0615D;0;0;15884,4;73910,2;5208;12716,2
DVRGM0806K;0;0;14918,77;0;0;0
FERRG5341Y;0;0;4028,64;2014,32;0;0
YKKZG6033S;0;0;428,4;0;0;0
CLBAY0464C;0;0;11163;11163;23424;31415
SFMGF6691M;0;0;37210;30317;0;0
JUPRL6719L;0;0;451,4;0;0;0
MWGDB3616F;0;0;128100;0;0;0
CIIGN8764S;0;0;1685,46;0;1196,68;2094,19
KYXDM5652F;0;0;8925;6580;0;0
HFTGG5194W;0;0;131028;0;0;23790
MOEHT7856Z;0;0;131028;0;0;22570
PLRDB2449T;0;0;131028;10919;0;87352
RYMSP0074F;0;0;61915;192028;1860,5;354623,5
JUCTM1332E;0;0;56850,3;204355,35;67802,4;86688
QGJPL0314L;0;0;2289;2190,9;0;0
DWOZU9842M;0;0;5967,57;0;0;2017,62
HCKCX8652M;0;0;3573,8;2114,49;0;14123,34
EFGDO5024A;0;0;9095,73;0;0;22387,51
YSDZP7092K;0;0;4935,4;2050,16;0;8760,33
YCOSK5095C;0;0;7154,88;3577,44;0;0
DOCEE6374S;0;0;3577,44;0;0;14309,76
VTIEE3836U;0;0;7154,88;14309,76;0;21464,64
PCJLQ4271R;0;0;3577,44;0;0;0
MWEAD8396A;0;0;7154,88;14309,76;0;0
CXEMF7257B;0;0;3940,6;0;0;0
BHQKI4862Z;0;0;1250,46;0;986,48;9864,8
RPHLN1269U;0;0;1409,66;2114,49;0;0
EAABA3978I;0;0;142740;17250;82800;76130
JUSNP2381Z;0;0;142740;71500;44000;28600
OOQDQ9116D;0;0;142740;0;0;0
WDOZV4044F;0;0;142740;12139;48357;0
OYZMF5042N;0;0;142740;24570;11895;146640
OMWVI9458C;0;0;48420;52455;0;0
AOSAM6157B;0;0;55689,8;46520;6600;-64136,2
SOBXY9082J;0;0;732;0;0;0
MKNBC5353P;0;0;84180;0;31110;31110
TEFGE1430W;0;0;84180;15128;0;15128
JWAFO0501Z;0;0;84180;0;0;21777
DJZPN9915B;0;0;340;0;0;0
JWVHL1949B;0;0;0;2625;0;0
RWZXN6396E;0;0;0;-3461,2;0;0
CVVYE2780D;0;0;0;1950,27;7801,08;175047,81
WOTZZ6947V;0;0;0;12854,06;4193,82;0
PPBVE3473V;0;0;0;114192;314108,2;174408
WLVZE1435E;0;0;0;37179,5;47906,7;108369,1
RZWYT6292Y;0;0;0;1270;0;0
HQWWR4776Q;0;0;0;1265,88;0;0
BNZOW7233W;0;0;0;-3176,42;2660;0
LHMOM2251J;0;0;0;308290,14;338115,25;174483,34
WURET2937X;0;0;0;5555,97;2036,15;297749,36
HEVTO8575Z;0;0;0;817,9;0;817,9
XXQZQ5928O;0;0;0;2467,1;2467,1;139931,88
VTACZ6061C;0;0;0;3769,8;0;4418,7
IWUHR0013I;0;0;0;8344,8;41421,9;135375
GJTIQ5323N;0;0;0;2340,66;0;0
MWWXS8137F;0;0;0;1254,15;1254,15;2508,3
RCLKZ3612K;0;0;0;26235,9;3318;54604,8
WVYCC5051D;0;0;0;114706,4;76772;235057,8
EHIRX9822K;0;0;0;3361,2;672,24;0
PVHET7070B;0;0;0;1088;0;0
YHHTA3346D;0;0;0;29280;25088;69600
ZJTHW8775D;0;0;0;344659,7;258777,4;325512,6
ZFWSZ6367N;0;0;0;4766,44;0;0
LOQTT4701S;0;0;0;4758;19968;28288
BEGSE9172Z;0;0;0;7683;61620;62374
WJRFV9889Q;0;0;0;103280;71800;58560
CVMZA6782H;0;0;0;2379;0;0
MTWFN2367Q;0;0;0;262584;199980;73836
QANYD1282W;0;0;0;32480;0;0
DTXJH1956E;0;0;0;20585,61;0;303568,5
YQYYI7114I;0;0;0;3568,16;0;3252,86
PAUFJ8585X;0;0;0;1144,3;0;0
TQCIM3985E;0;0;0;4479,9;0;0
KCWIT2408Q;0;0;0;5655,44;0;5655,44
PLOJM5984S;0;0;0;144421,2;201414,51;59977,5
AMFLC0485P;0;0;0;254979,9;357286,78;232073,1
CDAPX7026I;0;0;0;351132,5;495011,88;225496,56
WFIVZ6938B;0;0;0;1409,66;0;0
XSLES3477S;0;0;0;2821;0;0
KDAZZ4327C;0;0;0;73990,8;88496,66;79279,2
CVZLK4062R;0;0;0;24864;24159;20204
XIIQW3419B;0;0;0;1242,85;2263,1;0
NWSEZ6864P;0;0;0;2242489;212367;0
YWCGV1297S;0;0;0;7396,86;70977,52;5254,6
PWJIO2761X;0;0;0;544,5;0;0
TROQU3705W;0;0;0;605;0;0
KXQMY0246D;0;0;0;366;0;0
ZQSFK5513B;0;0;0;305;0;0
PKEJV3747V;0;0;0;2562,41;2323,72;222386,5
RCRVG5012B;0;0;0;0;420;0
MDYGL8371A;0;0;0;0;126325,35;0
RHINZ3246Q;0;0;0;0;112092,3;60977,1
XPLEA6925S;0;0;0;0;67564,18;113758,22
DQJBW3032Z;0;0;0;0;58713,92;83753,68
OQBNY4614X;0;0;0;0;691,54;2074,62
OJSMH2846D;0;0;0;0;13434,4;10013,6
XCIGZ2416Z;0;0;0;0;14744,8;7372,4
FASTF3108W;0;0;0;0;6928;6557,8
TMDXW4427Q;0;0;0;0;12124;6805,7
SCWUM1823I;0;0;0;0;40425;183167,33
VFPPG2556M;0;0;0;0;22272;0
DRWGU8015K;0;0;0;0;3721;0
SQPFL6067Q;0;0;0;0;116399,7;435653,34
EYPSX8014W;0;0;0;0;1305,64;316556,35
LVPFV4447K;0;0;0;0;1036;0
RWFYN9786G;0;0;0;0;675882,4;547996
RVGFJ5682V;0;0;0;0;272777,72;574581
CMVPQ1787X;0;0;0;0;63473,4;141069,9
VKKNO8069D;0;0;0;0;17536,2;41817,6
PFRES4617R;0;0;0;0;2034,16;6102,48
EJQYA2823R;0;0;0;0;1402,61;7013,05
IVABF7766D;0;0;0;0;19537,5;24262,5
TIQCX6322S;0;0;0;0;5454;159072,39
ZMUNM1690S;0;0;0;0;359395,5;201675
XIDJI0493R;0;0;0;0;1036;0
BKEFC9374R;0;0;0;0;102415,35;119673,75
XNVAP0632L;0;0;0;0;587647,2;0
SALSP7074M;0;0;0;0;207843,1;0
GHHAA5461L;0;0;0;0;186219;218258,7
ZNTBK2724D;0;0;0;0;155588,1;14487,5
QWJGI5560U;0;0;0;0;196448,7;81982,2
TBHXO8930F;0;0;0;0;16679,15;181714,95
QHGWH4383X;0;0;0;0;71205,4;36209,8
HEISP2576C;0;0;0;0;709,5;0
NQECK6435Z;0;0;0;0;0;137961,3
KITOO3764M;0;0;0;0;0;561996,77
RPXPF9500O;0;0;0;0;0;374708,85
TZZJC6508P;0;0;0;0;0;717126,5
EMOQE8443G;0;0;0;0;0;566146,2
BNBLD0451S;0;0;0;0;0;798668
YBZEW0541P;0;0;0;0;0;7531,26
TSYRQ2194K;0;0;0;0;0;105639,88
JLNHA9018N;0;0;0;0;0;31146
PLQSJ8688T;0;0;0;0;0;62008
CQDXM3604F;0;0;0;0;0;24388
KXBKG1578I;0;0;0;0;0;106206,03
KXOWI2878S;0;0;0;0;0;172345,37
MMJTH5383N;0;0;0;0;0;432931,96
MNBNU6790P;0;0;0;0;0;42084,24
MXBSJ6279B;0;0;0;0;0;96635
AZJUI5294G;0;0;0;0;0;293607
PDNZF4901N;0;0;0;0;0;174674,5
ZXOQK7481N;0;0;0;0;0;16984,08
LJTJE9751L;0;0;0;0;0;127667,62
GFVGR6551R;0;0;0;0;0;3075,48
MTZGR4156F;0;0;0;0;0;97770,22
WNEUT1244W;0;0;0;0;0;613890,56
QJERM2061X;0;0;0;0;0;235171,99
LPMNH7672A;0;0;0;0;0;179621
JQNBB3436S;0;0;0;0;0;165408,48
JBDYM5518T;0;0;0;0;0;156582,02
EREGB8536X;0;0;0;0;0;155230,86
IADKF3627Y;0;0;0;0;0;149670,48
ZCQLJ9260Z;0;0;0;0;0;121914,45
OMFGQ9755K;0;0;0;0;0;108877,36
SOBCV5230I;0;0;0;0;0;97085,04
DVGYF7441C;0;0;0;0;0;203569,96
VYDVL5274I;0;0;0;0;0;90841,64
JWDHT4383K;0;0;0;0;0;89947,69
IMKZD4764I;0;0;0;0;0;86938,89
RRMDB7949Y;0;0;0;0;0;122545,55
JQMMA3369I;0;0;0;0;0;81563,91
JKDSP4007D;0;0;0;0;0;81013,39
WNHAL7065A;0;0;0;0;0;66396,02
JZRYU2223H;0;0;0;0;0;66061,9
DPONM4411U;0;0;0;0;0;64528,06
IJEEW9786D;0;0;0;0;0;60227,43
DFHAN7222X;0;0;0;0;0;59624,51
UUUHQ8498K;0;0;0;0;0;185984,14
ANNZP9360C;0;0;0;0;0;118247,79
WQTHY9728T;0;0;0;0;0;20735
JUFVE7145Q;0;0;0;0;0;55224,13
CVABX5807P;0;0;0;0;0;124427,8
FHGXY3669E;0;0;0;0;0;117781,9
MJEYO4778W;0;0;0;0;0;106766,16
MQOMA0838O;0;0;0;0;0;211713,59
YYQKZ1814R;0;0;0;0;0;531713,86
YRQCH3249T;0;0;0;0;0;72154,77
YNRQF3694I;0;0;0;0;0;21248,37
AHADW2384J;0;0;0;0;0;82312,3
ILRVF1599K;0;0;0;0;0;97527,36
KQSVG0457C;0;0;0;0;0;529152
XZELD2527C;0;0;0;0;0;93167,2
VHGQE3309A;0;0;0;0;0;1483008,46
SUUDB7468A;0;0;0;0;0;467183,46
ABHBY7316I;0;0;0;0;0;1241
NBVSH5175J;0;0;0;0;0;620,5
HHTHV2775L;0;0;0;0;0;3787,85
AEXUO1651I;0;0;0;0;0;225835
ATNZU9164H;0;0;0;0;0;261744,08
BLUSO4625E;0;0;0;0;0;363937,05
MILKC2927E;0;0;0;0;0;234561,69
KINQA6394J;0;0;0;0;0;88924,8
OTYKE4371M;0;0;0;0;0;4739,7
ODFZE4384H;0;0;0;0;0;97955
OKIWX0729D;0;0;0;0;0;-3483
AVWGO4294J;0;0;0;0;0;224982,45
HQTPM5338K;0;0;0;0;0;6987,76
SFSQE1955Y;0;0;0;0;0;91069,5
YSROZ8528N;0;0;0;0;0;5255,3
EDFXY8271M;0;0;0;0;0;62050,64
JPKFR1732S;0;0;0;0;0;85858,5
SAREX3102M;0;0;0;0;0;10858,06
XRHYR6712I;0;0;0;0;0;198231,62
HAHAF4310T;0;0;0;0;0;216267,17
YAEAX6014S;0;0;0;0;0;79451,66
WUSEC6420L;0;0;0;0;0;57829,89
EXMEZ2356C;0;0;0;0;0;45997,7
YDLUW3370F;0;0;0;0;0;75161,95
ICEEI2729B;0;0;0;0;0;216714,73
QVGPU0140Y;0;0;0;0;0;-6648
PHKUJ8850F;0;0;0;0;0;81717,44
FKJPS4544X;0;0;0;0;0;117453,52
BKDVS3498W;0;0;0;0;0;282697,75
NHBVD3333I;0;0;0;0;0;39131,3
ZOWUG3225P;0;0;0;0;0;224190
HMSMS6645T;0;0;0;0;0;40500
GNCLU6535W;0;0;0;0;0;-3039,48
SFPUR1412M;0;0;0;0;0;-1592,14
LKGNM1132Q;0;0;0;0;0;-3213,61
AJOSZ8276L;0;0;0;0;0;-47946,36
AHMDA4264H;0;0;0;0;0;64137,45
UPJRU8760U;0;0;0;0;0;68307,36
EMJDK6241Q;0;0;0;0;0;62709,54
GYMMU3149F;0;0;0;0;0;191469,68
WXPMO3327P;0;0;0;0;0;168228,32
ATWNQ8918J;0;0;0;0;0;194749,11
IUOOJ1866R;0;0;0;0;0;189382,11
GIMTO6164N;0;0;0;0;0;162972,63
YLTFD8278P;0;0;0;0;0;5853,5
TFZAC7457G;0;0;0;0;0;153991,34
IXDXN8949T;0;0;0;0;0;32696
BIZCL4056G;0;0;0;0;0;41388,5
CEYHN5491M;0;0;0;0;0;103812
EGPHM0961N;0;0;0;0;0;99478,8
TJEUK6794H;0;0;0;0;0;46116
LSHPF6148N;0;0;0;0;0;407
WNUPN1924O;0;0;0;0;0;132633,67
NEYIS2843D;0;0;0;0;0;196904,93
PHLRZ2253Y;0;0;0;0;0;61830,51
QFQIP6077N;0;0;0;0;0;62158,17
VWPOM5482U;0;0;0;0;0;81959,13
OMWSR1786U;0;0;0;0;0;238596,63
ANUJJ8813Z;0;0;0;0;0;276132,05
